row,column,cor,p
Alppl2,Bcl2l10,-0.558770182993786,0.0197227938165736
Alppl2,Btg4,-0.659300308387678,0.00398957749476314
Bcl2l10,Btg4,0.913901904335262,2.93557502306641e-07
Alppl2,Calcoco2,0.725153920098004,0.000988117742111161
Bcl2l10,Calcoco2,-0.843273803787966,2.11981070434852e-05
Btg4,Calcoco2,-0.939301218855044,2.29982215493862e-08
Alppl2,Cnbp,0.413644823060165,0.0988425604189649
Bcl2l10,Cnbp,-0.541872332100192,0.024649475666602
Btg4,Cnbp,-0.395577694083456,0.116024284875267
Calcoco2,Cnbp,0.369552498995778,0.14431285451064
Alppl2,Ctsl,0.554394695988512,0.0209173524389099
Bcl2l10,Ctsl,-0.576355116870204,0.0154490395940252
Btg4,Ctsl,-0.41093397102769,0.101296863342511
Calcoco2,Ctsl,0.376918993992372,0.135868901082116
Cnbp,Ctsl,0.857318573185732,1.0942260080915e-05
Alppl2,Dppa3,0.420691634158288,0.0926619109676268
Bcl2l10,Dppa3,-0.632203520820599,0.00647023936564617
Btg4,Dppa3,-0.502637616406376,0.0397474551831021
Calcoco2,Dppa3,0.504210917273353,0.0390321316510525
Cnbp,Dppa3,0.841272281175792,2.31722865309258e-05
Ctsl,Dppa3,0.782841868816309,0.000202845553061159
Alppl2,Eif5a,0.836709795467788,2.82616431688254e-05
Bcl2l10,Eif5a,-0.760149901587069,0.000397905189147174
Btg4,Eif5a,-0.863803680981595,7.87317599937332e-06
Calcoco2,Eif5a,0.911097657453392,3.70228511403781e-07
Cnbp,Eif5a,0.334766837384291,0.189038605667866
Ctsl,Eif5a,0.347666110017447,0.171503500473565
Dppa3,Eif5a,0.45933924495564,0.0636136568951007
Alppl2,Fbxo15,0.596673827161588,0.0114566540979442
Bcl2l10,Fbxo15,-0.941838175004893,1.68215987805809e-08
Btg4,Fbxo15,-0.864213996003442,7.70660233762044e-06
Calcoco2,Fbxo15,0.800758721020244,0.000112471204880338
Cnbp,Fbxo15,0.593950399831683,0.0119382251037194
Ctsl,Fbxo15,0.619290635412431,0.00802472235253227
Dppa3,Fbxo15,0.565101383601911,0.0180893611675266
Eif5a,Fbxo15,0.742606740851529,0.000638914636096999
Alppl2,Gcsh,0.580566244836342,0.0145430009738323
Bcl2l10,Gcsh,-0.508934169308758,0.0369433141731448
Btg4,Gcsh,-0.357714191380635,0.158624868978887
Calcoco2,Gcsh,0.369779985935756,0.14404683479051
Cnbp,Gcsh,0.92492325205649,1.08573030122017e-07
Ctsl,Gcsh,0.859692470474329,9.71838574836958e-06
Dppa3,Gcsh,0.787095790535613,0.000177225185064689
Eif5a,Gcsh,0.401352864212293,0.11031925232703
Fbxo15,Gcsh,0.570197055899696,0.016853283428538
Alppl2,Gdf9,-0.670357210669081,0.00323114022304893
Bcl2l10,Gdf9,0.857671142467059,1.07526206987174e-05
Btg4,Gdf9,0.930548600945501,6.15539410553367e-08
Calcoco2,Gdf9,-0.911550663004421,3.56792227762526e-07
Cnbp,Gdf9,-0.409846231450181,0.102293769406093
Ctsl,Gdf9,-0.454153932147498,0.0670575922777559
Dppa3,Gdf9,-0.558259634181809,0.0198593671566334
Eif5a,Gdf9,-0.881378265360534,2.94589572824577e-06
Fbxo15,Gdf9,-0.8423084491707,2.21316942798921e-05
Gcsh,Gdf9,-0.350985221674877,0.167174384890955
Alppl2,Gnb2l1,0.724140127585072,0.00101247018506379
Bcl2l10,Gnb2l1,-0.780999531709165,0.000214866085292309
Btg4,Gnb2l1,-0.897235016507172,1.05316860499194e-06
Calcoco2,Gnb2l1,0.902835174981153,7.03470463214728e-07
Cnbp,Gnb2l1,0.207640527241897,0.423892516664705
Ctsl,Gnb2l1,0.250770607084427,0.331632624193547
Dppa3,Gnb2l1,0.25240801339638,0.328379347908222
Eif5a,Gnb2l1,0.891696528750955,1.53557729842824e-06
Fbxo15,Gnb2l1,0.744276012795082,0.000611740289930163
Gcsh,Gnb2l1,0.215166624728955,0.406900316786731
Gdf9,Gnb2l1,-0.817509869314025,6.13182227309217e-05
Alppl2,H1foo,-0.619164619164619,0.00804124220036506
Bcl2l10,H1foo,0.887386127617885,2.03129857068163e-06
Btg4,H1foo,0.851442763252988,1.45472215278275e-05
Calcoco2,H1foo,-0.852761378118634,1.36611100438611e-05
Cnbp,H1foo,-0.497848895510748,0.0419860411769124
Ctsl,H1foo,-0.537185104538758,0.0261718859114346
Dppa3,H1foo,-0.67310661465326,0.0030620623237807
Eif5a,H1foo,-0.829957185232905,3.75118214119841e-05
Fbxo15,H1foo,-0.846214433966227,1.85570487833964e-05
Gcsh,H1foo,-0.484625212850675,0.0486640146197319
Gdf9,H1foo,0.927429975861445,8.47869043862914e-08
Gnb2l1,H1foo,-0.721677065926619,0.00107370740376789
Alppl2,Hdgf,0.498159884195921,0.0418378296485193
Bcl2l10,Hdgf,-0.926863626903975,8.97269936128708e-08
Btg4,Hdgf,-0.815450797047787,6.6277560864858e-05
Calcoco2,Hdgf,0.700980392156863,0.00171941119897268
Cnbp,Hdgf,0.611419084717267,0.00911009808976182
Ctsl,Hdgf,0.691222780513698,0.00211905578242666
Dppa3,Hdgf,0.704891879372201,0.00157767615691418
Eif5a,Hdgf,0.667075539239092,0.00344281558225923
Fbxo15,Hdgf,0.908102340016794,4.70470137958756e-07
Gcsh,Hdgf,0.53317114251202,0.0275325121561409
Gdf9,Hdgf,-0.837840366804603,2.69199311717649e-05
Gnb2l1,Hdgf,0.63346064729604,0.00633287429425566
H1foo,Hdgf,-0.867485315582553,6.48243210843447e-06
Alppl2,Hnrnpab,0.564149891441598,0.0183278322392466
Bcl2l10,Hnrnpab,-0.547357129783569,0.022956134463626
Btg4,Hnrnpab,-0.366871165644172,0.147473795636233
Calcoco2,Hnrnpab,0.378908716222205,0.133648057286766
Cnbp,Hnrnpab,0.828010452833073,4.06108887012202e-05
Ctsl,Hnrnpab,0.923219369887321,1.27828941653974e-07
Dppa3,Hnrnpab,0.830826721750365,3.61935871078245e-05
Eif5a,Hnrnpab,0.423312883435583,0.0904353447992838
Fbxo15,Hnrnpab,0.574085011630858,0.0159555528448274
Gcsh,Hnrnpab,0.874002715022789,4.52929820071724e-06
Gdf9,Hnrnpab,-0.457284120940193,0.0649625952231774
Gnb2l1,Hnrnpab,0.212924084850125,0.411924933647231
H1foo,Hnrnpab,-0.613873657716646,0.00875979377685221
Hdgf,Hnrnpab,0.663396813838876,0.00369336167116519
Alppl2,Hprt,0.838551416440938,2.61040228277665e-05
Bcl2l10,Hprt,-0.776140109872881,0.000249464985099035
Btg4,Hprt,-0.732515337423313,0.000825395924812344
Calcoco2,Hprt,0.728387629242685,0.000913650599385862
Cnbp,Hprt,0.546683459214714,0.023159106792771
Ctsl,Hprt,0.611794073458264,0.00905587027148069
Dppa3,Hprt,0.491342389071402,0.0451789898445165
Eif5a,Hprt,0.833128834355828,3.2891104902788e-05
Fbxo15,Hprt,0.818534113357546,5.89702700279915e-05
Gcsh,Hprt,0.677321372682921,0.00281691455350841
Gdf9,Hprt,-0.708052832423525,0.00147028184088871
Gnb2l1,Hprt,0.759388210130213,0.000406497034577402
H1foo,Hprt,-0.756292346306908,0.000443025928388296
Hdgf,Hprt,0.708767760441535,0.00144684571060161
Hnrnpab,Hprt,0.630674846625767,0.00664049198299588
Alppl2,Hsp90ab1,0.661547911547912,0.00382476070387705
Bcl2l10,Hsp90ab1,-0.852924530428841,1.35547264830116e-05
Btg4,Hsp90ab1,-0.942909938252768,1.4677519644124e-08
Calcoco2,Hsp90ab1,0.916565107128949,2.33767517343608e-07
Cnbp,Hsp90ab1,0.272280321865755,0.290387748725754
Ctsl,Hsp90ab1,0.325752981013206,0.201970109986894
Dppa3,Hsp90ab1,0.362925021706702,0.15221143831652
Eif5a,Hsp90ab1,0.869858972984487,5.701464832919e-06
Fbxo15,Hsp90ab1,0.832007914271903,3.44657596196285e-05
Gcsh,Hsp90ab1,0.22939746750419,0.375788880258375
Gdf9,Hsp90ab1,-0.910209790633248,3.978239582203e-07
Gnb2l1,Hsp90ab1,0.948894503918874,6.50993170481229e-09
H1foo,Hsp90ab1,-0.792383292383292,0.000149211983934805
Hdgf,Hsp90ab1,0.760736768969141,0.000391389018238986
Hnrnpab,Hsp90ab1,0.255371441610125,0.322538821056419
Hprt,Hsp90ab1,0.739103883890842,0.000699203462167564
Alppl2,Isyna1,0.809085480870539,8.37996112463824e-05
Bcl2l10,Isyna1,-0.793360334180679,0.000144466271054355
Btg4,Isyna1,-0.934969325153374,3.8079854380868e-08
Calcoco2,Isyna1,0.965052296656553,3.94630106370641e-10
Cnbp,Isyna1,0.350737365406294,0.167495097779502
Ctsl,Isyna1,0.362408135883912,0.152839588347423
Dppa3,Isyna1,0.411648285096858,0.100645978863915
Eif5a,Isyna1,0.928834355828221,7.35323890665995e-08
Fbxo15,Isyna1,0.787052032074563,0.000177474202001537
Gcsh,Isyna1,0.374923808835374,0.13812132859063
Gdf9,Isyna1,-0.897358624425648,1.04409093304447e-06
Gnb2l1,Isyna1,0.930465943044475,6.20903652936988e-08
H1foo,Isyna1,-0.805402238924239,9.56116458306067e-05
Hdgf,Isyna1,0.660944330238732,0.00386846844730449
Hnrnpab,Isyna1,0.337423312883436,0.185334439205386
Hprt,Isyna1,0.766871165644172,0.000328434116020793
Hsp90ab1,Isyna1,0.915285623655519,2.61038781257383e-07
Alppl2,Khdc1b,-0.507673514931666,0.0374922947576251
Bcl2l10,Khdc1b,0.691269004355878,0.00211699778145236
Btg4,Khdc1b,0.819631901840491,5.65383622315174e-05
Calcoco2,Khdc1b,-0.783568510245918,0.000198261976029235
Cnbp,Khdc1b,0.0884521551987852,0.735678802795687
Ctsl,Khdc1b,0.00859951508877078,0.973868931857688
Dppa3,Khdc1b,0.00376507577832492,0.988557704332464
Eif5a,Khdc1b,-0.755828220858896,0.000448730622495175
Fbxo15,Khdc1b,-0.652481566982599,0.00452516218681964
Gcsh,Khdc1b,0.0553166275330879,0.83299319366611
Gdf9,Khdc1b,0.746159842501875,0.000582232356553636
Gnb2l1,Khdc1b,-0.877542615596178,3.69701344982154e-06
H1foo,Khdc1b,0.669122286911144,0.00330951588142847
Hdgf,Khdc1b,-0.529736457631043,0.028739543749932
Hnrnpab,Khdc1b,0.0411042944785276,0.875533730187599
Hprt,Khdc1b,-0.608588957055215,0.00952777595040155
Hsp90ab1,Khdc1b,-0.852056636910704,1.41288164385855e-05
Isyna1,Khdc1b,-0.819631901840491,5.65383622315174e-05
Alppl2,LOC624853,0.673218673218673,0.00305532710202527
Bcl2l10,LOC624853,-0.884924584961524,2.37131969149651e-06
Btg4,LOC624853,-0.952731916776234,3.66611274671413e-09
Calcoco2,LOC624853,0.909203138396989,4.31224625341287e-07
Cnbp,LOC624853,0.341118687664772,0.180262082856975
Ctsl,LOC624853,0.395205975078285,0.116398459037277
Dppa3,LOC624853,0.533713267215738,0.0273456265254626
Eif5a,LOC624853,0.900552655870319,8.31603404805037e-07
Fbxo15,LOC624853,0.835096288118495,3.02742100823927e-05
Gcsh,LOC624853,0.337023625180419,0.185888663824001
Gdf9,LOC624853,-0.936040068475543,3.37277663575719e-08
Gnb2l1,LOC624853,0.845445914263864,1.92187517824571e-05
H1foo,LOC624853,-0.880835380835381,3.04354731617273e-06
Hdgf,LOC624853,0.819632518824816,5.65370196095039e-05
Hnrnpab,LOC624853,0.429711560401652,0.0851623443736624
Hprt,LOC624853,0.713321190266742,0.00130468078026191
Hsp90ab1,LOC624853,0.89004914004914,1.71118576219875e-06
Isyna1,LOC624853,0.893800045635436,1.33390502221609e-06
Khdc1b,LOC624853,-0.769797566776674,0.000301523188104946
Alppl2,Mphosph6,-0.814724539670177,6.81055080642423e-05
Bcl2l10,Mphosph6,0.778122912241666,0.000234824260287869
Btg4,Mphosph6,0.852238051049942,1.40071404097775e-05
Calcoco2,Mphosph6,-0.897058823529412,1.0662246539006e-06
Cnbp,Mphosph6,-0.250460829884182,0.332250195673943
Ctsl,Mphosph6,-0.372007997327976,0.141459210013853
Dppa3,Mphosph6,-0.343666147594276,0.176819678302187
Eif5a,Mphosph6,-0.886572821451954,2.13870863174925e-06
Fbxo15,Mphosph6,-0.744002324769194,0.000616128740399624
Gcsh,Mphosph6,-0.34766689707581,0.171502465096694
Gdf9,Mphosph6,0.769044090351439,0.000308269403616057
Gnb2l1,Mphosph6,-0.9298956298171,6.59021630600165e-08
H1foo,Mphosph6,0.726380914886664,0.000959293195373467
Hdgf,Mphosph6,-0.649509803921569,0.00477608566555698
Hnrnpab,Mphosph6,-0.361741331021199,0.153652533853349
Hprt,Mphosph6,-0.812998313447643,7.2621533518058e-05
Hsp90ab1,Mphosph6,-0.879755263469152,3.2460638144105e-06
Isyna1,Mphosph6,-0.90374020665296,6.57563686612406e-07
Khdc1b,Mphosph6,0.793378444646493,0.000144379514741999
LOC624853,Mphosph6,-0.822086508402136,5.14051447613184e-05
Alppl2,Obox2,-0.667485165030988,0.00341579425642791
Bcl2l10,Obox2,0.866629783776263,6.78536773834892e-06
Btg4,Obox2,0.875536645251308,4.15093078909301e-06
Calcoco2,Obox2,-0.823529411764706,4.85755334493909e-05
Cnbp,Obox2,-0.486188669775176,0.0478354022256817
Ctsl,Obox2,-0.581953104730893,0.0142539659938254
Dppa3,Obox2,-0.584483302112892,0.0137383341802448
Eif5a,Obox2,-0.81790328064793,6.04072233780784e-05
Fbxo15,Obox2,-0.839007596754647,2.55916715499183e-05
Gcsh,Obox2,-0.455775331502211,0.0659662888269699
Gdf9,Obox2,0.933663751864367,4.40321241690356e-08
Gnb2l1,Obox2,-0.757692735406526,0.000426177931618366
H1foo,Obox2,0.917792101917609,2.09946708684683e-07
Hdgf,Obox2,-0.875,4.28011558106789e-06
Hnrnpab,Obox2,-0.576333646033774,0.015453770215788
Hprt,Obox2,-0.800735895446924,0.000112559868365558
Hsp90ab1,Obox2,-0.850307388541314,1.53488079077668e-05
Isyna1,Obox2,-0.803188379047068,0.000103362918338901
Khdc1b,Obox2,0.697731584240888,0.00184493125972418
LOC624853,Obox2,-0.847853398963994,1.72101411555214e-05
Mphosph6,Obox2,0.747549019607843,0.000561238152431809
Alppl2,Obox6,0.416873185693107,0.0959755090443126
Bcl2l10,Obox6,-0.714373979241085,0.00127350609062793
Btg4,Obox6,-0.54584873775162,0.0234125325409709
Calcoco2,Obox6,0.472327938954717,0.0555622799692195
Cnbp,Obox6,0.852743292886603,1.36729460307183e-05
Ctsl,Obox6,0.895257228731383,1.20786549295815e-06
Dppa3,Obox6,0.750929576014667,0.000512762051355198
Eif5a,Obox6,0.397540343390695,0.114062694889599
Fbxo15,Obox6,0.753563983004672,0.000477445314040148
Gcsh,Obox6,0.788533275152819,0.000169206089136065
Gdf9,Obox6,-0.570900557303761,0.0166879759020864
Gnb2l1,Obox6,0.316666666666667,0.215576534488856
H1foo,Obox6,-0.644706389099975,0.00520535731851579
Hdgf,Obox6,0.784753190242473,0.000190975198419707
Hnrnpab,Obox6,0.839388588831127,2.5170315040679e-05
Hprt,Obox6,0.609233653183882,0.00943131388155916
Hsp90ab1,Obox6,0.415025889449267,0.0976086683740067
Isyna1,Obox6,0.429540494871061,0.0853003507812211
Khdc1b,Obox6,-0.162462307515702,0.53329239071859
LOC624853,Obox6,0.515395652031212,0.0342250417704781
Mphosph6,Obox6,-0.360396057587844,0.155301592303922
Obox2,Obox6,-0.685121515619213,0.0024054579126791
Alppl2,Oog3,-0.587730503768094,0.0130982837952334
Bcl2l10,Oog3,0.78058143645096,0.000217675392411909
Btg4,Oog3,0.900061481252745,8.61641713534311e-07
Calcoco2,Oog3,-0.82843137254902,3.99231105590037e-05
Cnbp,Oog3,-0.0957644349557166,0.714653488806455
Ctsl,Oog3,-0.178023629084345,0.494232120928963
Dppa3,Oog3,-0.175595841836491,0.500234239819884
Eif5a,Oog3,-0.777437301245559,0.000239803136646621
Fbxo15,Oog3,-0.705753449034791,0.00154778497693986
Gcsh,Oog3,-0.0749388011364821,0.774995061186234
Gdf9,Oog3,0.828012327311294,4.0607803780679e-05
Gnb2l1,Oog3,-0.888074926888818,1.94396576569389e-06
H1foo,Oog3,0.699387029536146,0.00178006536313058
Hdgf,Oog3,-0.656862745098039,0.00417478638766577
Hnrnpab,Oog3,-0.121397938207114,0.642551819736452
Hprt,Oog3,-0.624157076236576,0.00740723769467477
Hsp90ab1,Oog3,-0.89816018529905,9.86831967919599e-07
Isyna1,Oog3,-0.852238051049942,1.40071404097775e-05
Khdc1b,Oog3,0.901287723052817,7.88324131306695e-07
LOC624853,Oog3,-0.831902466711415,3.46171154630426e-05
Mphosph6,Oog3,0.821078431372549,5.34635170112985e-05
Obox2,Oog3,0.801470588235294,0.000109735338171824
Obox6,Oog3,-0.327185499380091,0.199877404236225
Alppl2,Pcbp1,0.496314496314496,0.0427231340193672
Bcl2l10,Pcbp1,-0.852309144764751,1.39597003441239e-05
Btg4,Pcbp1,-0.665439044964844,0.00355250787208017
Calcoco2,Pcbp1,0.554601644474277,0.020859612916138
Cnbp,Pcbp1,0.681008118797419,0.00261582661690296
Ctsl,Pcbp1,0.794714348019009,0.000138099394668689
Dppa3,Pcbp1,0.661804451347516,0.00380630540687754
Eif5a,Pcbp1,0.554941786575848,0.0207649817303657
Fbxo15,Pcbp1,0.836331637657132,2.87228643462978e-05
Gcsh,Pcbp1,0.627921754213883,0.00695617817948402
Gdf9,Pcbp1,-0.694957475280791,0.00195797012571841
Gnb2l1,Pcbp1,0.541873564859578,0.0246490845056284
H1foo,Pcbp1,-0.773341523341523,0.000271422157020806
Hdgf,Pcbp1,0.923927075860908,1.19502513662439e-07
Hnrnpab,Pcbp1,0.756906219964624,0.000435573475677575
Hprt,Pcbp1,0.734806768286825,0.000779530667849748
Hsp90ab1,Pcbp1,0.62039312039312,0.00788134914117089
Isyna1,Pcbp1,0.534070082213482,0.02722315754494
Khdc1b,Pcbp1,-0.405156614092986,0.106671838177985
LOC624853,Pcbp1,0.654791154791155,0.00433760960656371
Mphosph6,Pcbp1,-0.552147654896957,0.0215523375952953
Obox2,Pcbp1,-0.808589565726877,8.5314489793209e-05
Obox6,Pcbp1,0.862687345873032,8.34194519572229e-06
Oog3,Pcbp1,-0.552147654896957,0.0215523375952953
Alppl2,Prps1,0.842234658387238,2.22044670459276e-05
Bcl2l10,Prps1,-0.576877514311222,0.0153342915929155
Btg4,Prps1,-0.557055214723926,0.0201844784129137
Calcoco2,Prps1,0.59350103123478,0.0120192036193643
Cnbp,Prps1,0.631450107946883,0.00655370499171926
Ctsl,Prps1,0.737715544400979,0.000724368060638803
Dppa3,Prps1,0.644455470723282,0.00522860926264679
Eif5a,Prps1,0.651533742331288,0.0046040054801606
Fbxo15,Prps1,0.562973688825099,0.0186260151042212
Gcsh,Prps1,0.725262449878264,0.000985539663007184
Gdf9,Prps1,-0.558083308889376,0.019906705816378
Gnb2l1,Prps1,0.568002688776488,0.0173771806403953
H1foo,Prps1,-0.568447007045614,0.0172700839394344
Hdgf,Prps1,0.55426129363248,0.0209546382385684
Hnrnpab,Prps1,0.732515337423313,0.000825395924812344
Hprt,Prps1,0.788957055214724,0.000166900915940849
Hsp90ab1,Prps1,0.561080523153014,0.0191139132012483
Isyna1,Prps1,0.603067484662577,0.0103865296271519
Khdc1b,Prps1,-0.228834355828221,0.376994276355569
LOC624853,Prps1,0.536525576844348,0.0263918030360055
Mphosph6,Prps1,-0.658491846638589,0.00405025148973426
Obox2,Prps1,-0.641324461437582,0.00552586627816298
Obox6,Prps1,0.553848775621711,0.0210702642941651
Oog3,Prps1,-0.419374695624576,0.0937953017225359
Pcbp1,Prps1,0.612645910401213,0.00893364135957819
Alppl2,Psat1,0.87292834127307,4.81146261210874e-06
Bcl2l10,Psat1,-0.682658892201979,0.0025296689602281
Btg4,Psat1,-0.775460122699386,0.000254658355325565
Calcoco2,Psat1,0.760269916044553,0.000396565332068111
Cnbp,Psat1,0.47543033419347,0.0537571255454785
Ctsl,Psat1,0.555282974303485,0.0206703961390764
Dppa3,Psat1,0.500755078517214,0.0406164051767053
Eif5a,Psat1,0.798159509202454,0.000122952567970902
Fbxo15,Psat1,0.652481566982599,0.00452516218681964
Gcsh,Psat1,0.513215377668093,0.0351245741923205
Gdf9,Psat1,-0.790413144528345,0.000159180033492579
Gnb2l1,Psat1,0.75200355978859,0.000498110887551029
H1foo,Psat1,-0.696132727850676,0.00190940775471526
Hdgf,Psat1,0.62660955983672,0.00711082151131004
Hnrnpab,Psat1,0.514110429447853,0.0347531378705521
Hprt,Psat1,0.771779141104294,0.000284367062886925
Hsp90ab1,Psat1,0.764272703857224,0.000353981279239912
Isyna1,Psat1,0.820858895705522,5.39208826630944e-05
Khdc1b,Psat1,-0.549693251533742,0.0222629612061302
LOC624853,Psat1,0.726212537078792,0.000963207081167372
Mphosph6,Psat1,-0.745555014443691,0.00059157452002534
Obox2,Psat1,-0.803188379047068,0.000103362918338901
Obox6,Psat1,0.49846389805954,0.0416933254496183
Oog3,Psat1,-0.75168622344405,0.000502403246011696
Pcbp1,Psat1,0.624309509897829,0.00738853012746521
Prps1,Psat1,0.849079754601227,1.62573803201838e-05
Alppl2,Pttg1ip,0.788957649108319,0.000166897703997915
Bcl2l10,Pttg1ip,-0.778122912241666,0.000234824260287869
Btg4,Pttg1ip,-0.749233739843906,0.000536624988897394
Calcoco2,Pttg1ip,0.681372549019608,0.00259660313572541
Cnbp,Pttg1ip,0.568447863903805,0.0172698779070006
Ctsl,Pttg1ip,0.597913843890179,0.0112425582219602
Dppa3,Pttg1ip,0.603297142309659,0.0103496263982419
Eif5a,Pttg1ip,0.7713060922452,0.000288386636375648
Fbxo15,Pttg1ip,0.751405332975853,0.0005062282467867
Gcsh,Pttg1ip,0.656021636178384,0.0042402879819905
Gdf9,Pttg1ip,-0.692876784278293,0.00204642691612
Gnb2l1,Pttg1ip,0.697421722362825,0.00185728538367202
H1foo,Pttg1ip,-0.699387029536146,0.00178006536313058
Hdgf,Pttg1ip,0.742647058823529,0.000638246691161193
Hnrnpab,Pttg1ip,0.587369822234421,0.0131681903293686
Hprt,Pttg1ip,0.881667854251667,2.89490749971755e-06
Hsp90ab1,Pttg1ip,0.726380914886664,0.000959293195373467
Isyna1,Pttg1ip,0.721030178442253,0.0010902874800256
Khdc1b,Pttg1ip,-0.497854170829175,0.0419835237470871
LOC624853,Pttg1ip,0.721472935732024,0.00107891674002625
Mphosph6,Pttg1ip,-0.762254901960784,0.000374943967328623
Obox2,Pttg1ip,-0.757352941176471,0.000430216119060578
Obox6,Pttg1ip,0.526448848626612,0.0299326694189839
Oog3,Pttg1ip,-0.639705882352941,0.00568479008886413
Pcbp1,Pttg1ip,0.701841019113466,0.00168736230125877
Prps1,Pttg1ip,0.832618182248793,3.36007453145548e-05
Psat1,Pttg1ip,0.839975633049224,2.45325781158545e-05
Alppl2,Rpl4,0.573006566304175,0.0162007070553223
Bcl2l10,Rpl4,-0.908424695334267,4.58673248271424e-07
Btg4,Rpl4,-0.874310403451236,4.4511346730669e-06
Calcoco2,Rpl4,0.811274509803922,7.73803618061564e-05
Cnbp,Rpl4,0.469000181449791,0.0575483894326625
Ctsl,Rpl4,0.580725355564794,0.0145096081290368
Dppa3,Rpl4,0.604551398322777,0.0101499183088434
Eif5a,Rpl4,0.774984817645415,0.00025834188534013
Fbxo15,Rpl4,0.892062488902367,1.49873025412361e-06
Gcsh,Rpl4,0.410320648845656,0.101858113540497
Gdf9,Rpl4,-0.931206741991039,5.74229828131934e-08
Gnb2l1,Rpl4,0.726942218547495,0.000946340685457514
H1foo,Rpl4,-0.922700081072248,1.34250796257618e-07
Hdgf,Rpl4,0.924019607843137,1.18449054564707e-07
Hnrnpab,Rpl4,0.570202437033415,0.0168520141212491
Hprt,Rpl4,0.692826617040601,0.00204859941054991
Hsp90ab1,Rpl4,0.823313503190796,4.89903784446355e-05
Isyna1,Rpl4,0.783568510245918,0.000198261976029235
Khdc1b,Rpl4,-0.675659231839595,0.00291160470249596
LOC624853,Rpl4,0.915338112340289,2.5986868390504e-07
Mphosph6,Rpl4,-0.693627450980392,0.00201414397589983
Obox2,Rpl4,-0.894607843137255,1.26271591849303e-06
Obox6,Rpl4,0.714642011803882,0.00126566803712658
Oog3,Rpl4,-0.735294117647059,0.000770053379280267
Pcbp1,Rpl4,0.833129461500075,3.28902412318755e-05
Prps1,Rpl4,0.491722961828816,0.0449873378114101
Psat1,Rpl4,0.65971808843866,0.00395851374812839
Pttg1ip,Rpl4,0.639705882352941,0.00568479008886413
Alppl2,Rpl8,0.682237375329544,0.00255144529178142
Bcl2l10,Rpl8,-0.895320875992817,1.20260081581947e-06
Btg4,Rpl8,-0.944718157609248,1.15910332443292e-08
Calcoco2,Rpl8,0.885207148757329,2.32997557048087e-06
Cnbp,Rpl8,0.385608856088561,0.126354806451364
Ctsl,Rpl8,0.449569495694957,0.0702151412732226
Dppa3,Rpl8,0.530271699262411,0.0285488149028681
Eif5a,Rpl8,0.872850781510235,4.83239874515817e-06
Fbxo15,Rpl8,0.846734701112804,1.8120141792588e-05
Gcsh,Rpl8,0.372307762803843,0.141113518377609
Gdf9,Rpl8,-0.931692484107469,5.45290079756455e-08
Gnb2l1,Rpl8,0.839804268933844,2.47173096796782e-05
H1foo,Rpl8,-0.85064552023071,1.5106260391029e-05
Hdgf,Rpl8,0.828730687116778,3.94400436527498e-05
Hnrnpab,Rpl8,0.402948707016688,0.108778420710139
Hprt,Rpl8,0.733415786856594,0.000807113289298833
Hsp90ab1,Rpl8,0.905347435910286,5.82339012122901e-07
Isyna1,Rpl8,0.894349569232162,1.28511502106576e-06
Khdc1b,Rpl8,-0.773956357989371,0.000266464907307196
LOC624853,Rpl8,0.949600671066797,5.87696336040722e-09
Mphosph6,Rpl8,-0.798036957964305,0.000123466337837552
Obox2,Rpl8,-0.861879914601449,8.69560106298017e-06
Obox6,Rpl8,0.56500404593715,0.0181136446005992
Oog3,Rpl8,-0.844691426276064,1.9887717875644e-05
Pcbp1,Rpl8,0.711124903834488,0.00137174205450963
Prps1,Rpl8,0.542383701670329,0.0244876277140631
Psat1,Rpl8,0.773956357989371,0.000266464907307196
Pttg1ip,Rpl8,0.744015994655952,0.00061590893243757
Rpl4,Rpl8,0.918356376242,1.99710737724956e-07
Alppl2,Rplp1,0.713321190266742,0.00130468078026191
Bcl2l10,Rplp1,-0.701109132531762,0.00171458550216008
Btg4,Rplp1,-0.74601226993865,0.00058450038146507
Calcoco2,Rplp1,0.806867104447283,9.07564660526106e-05
Cnbp,Rplp1,0.566953744781102,0.0176320798218668
Ctsl,Rplp1,0.491400862215473,0.0451495034804745
Dppa3,Rplp1,0.53589578578158,0.0266031347256048
Eif5a,Rplp1,0.759509202453988,0.000405122015539217
Fbxo15,Rplp1,0.698161449628495,0.0018279042997329
Gcsh,Rplp1,0.550093129356819,0.0221459592552697
Gdf9,Rplp1,-0.719116157930143,0.00114058692676
Gnb2l1,Rplp1,0.76061898518715,0.000392689625841935
H1foo,Rplp1,-0.704726959058709,0.00158345161207318
Hdgf,Rplp1,0.624157076236576,0.00740723769467477
Hnrnpab,Rplp1,0.442331288343558,0.0754207763517707
Hprt,Rplp1,0.693251533742331,0.00203025799592393
Hsp90ab1,Rplp1,0.731123526340525,0.000854328626150203
Isyna1,Rplp1,0.841717791411043,2.27199081881402e-05
Khdc1b,Rplp1,-0.554601226993865,0.0208597292698085
LOC624853,Rplp1,0.667280665937994,0.00342926258357279
Mphosph6,Rplp1,-0.777437301245559,0.000239803136646621
Obox2,Rplp1,-0.657265604838517,0.00414370529019203
Obox6,Rplp1,0.460309871294489,0.0629838083056427
Oog3,Rplp1,-0.61312090003593,0.00886605977834565
Pcbp1,Rplp1,0.546961429025531,0.0230751882205973
Prps1,Rplp1,0.595092024539877,0.0117344419007082
Psat1,Rplp1,0.704294478527607,0.00159867950266257
Pttg1ip,Rplp1,0.71244648584175,0.00133105769438169
Rpl4,Rplp1,0.63274076883708,0.00641124472247756
Rpl8,Rplp1,0.702703232968127,0.0016557478043735
Alppl2,Rps15,0.696132727850676,0.00190940775471526
Bcl2l10,Rps15,-0.847481039148043,1.75086313274342e-05
Btg4,Rps15,-0.906748466257669,5.22897717125659e-07
Calcoco2,Rps15,0.897608997652601,1.0259084786135e-06
Cnbp,Rps15,0.435504014138463,0.0805840928489925
Ctsl,Rps15,0.394349191927917,0.117264131649772
Dppa3,Rps15,0.454946656547594,0.0665223901771312
Eif5a,Rps15,0.871165644171779,5.3068227565678e-06
Fbxo15,Rps15,0.829645436163304,3.79942139794309e-05
Gcsh,Rps15,0.420406369251468,0.0929065778783611
Gdf9,Rps15,-0.870314939853917,5.56100976911722e-06
Gnb2l1,Rps15,0.874465677953835,4.41212772450683e-06
H1foo,Rps15,-0.816451964763139,6.38256005118798e-05
Hdgf,Rps15,0.71244648584175,0.00133105769438169
Hnrnpab,Rps15,0.36441717791411,0.150407960387144
Hprt,Rps15,0.742331288343558,0.000643493572485498
Hsp90ab1,Rps15,0.861264741776454,8.97352689666064e-06
Isyna1,Rps15,0.934355828220859,4.07844649163991e-08
Khdc1b,Rps15,-0.779141104294479,0.000227589928969651
LOC624853,Rps15,0.885205814427403,2.33016935169417e-06
Mphosph6,Rps15,-0.788473477446206,0.000169533500063102
Obox2,Rps15,-0.766401125044912,0.000332937765332719
Obox6,Rps15,0.525540949312157,0.0302687751852204
Oog3,Rps15,-0.799509653646852,0.000117410212012503
Pcbp1,Rps15,0.636586983052162,0.00600140816851691
Prps1,Rps15,0.50920245398773,0.0368272779742216
Psat1,Rps15,0.745398773006135,0.00059400794380271
Pttg1ip,Rps15,0.687921649840313,0.00227032553424023
Rpl4,Rps15,0.842428116649367,2.20141072069246e-05
Rpl8,Rps15,0.921376616654013,1.51883296162225e-07
Rplp1,Rps15,0.824539877300614,4.66732176904738e-05
Alppl2,Rps5,0.747848044195966,0.000556802359697794
Bcl2l10,Rps5,-0.807147411373454,8.98514769982484e-05
Btg4,Rps5,-0.917026758659635,2.24546734539643e-07
Calcoco2,Rps5,0.909093653131094,4.34997993181696e-07
Cnbp,Rps5,0.332307755229877,0.192510792101781
Ctsl,Rps5,0.35569237504235,0.161161869290952
Dppa3,Rps5,0.450128263597044,0.0698245565957065
Eif5a,Rps5,0.929319342555877,6.99563327266617e-08
Fbxo15,Rps5,0.770569990944708,0.000294735723783468
Gcsh,Rps5,0.338669950738916,0.183612830451887
Gdf9,Rps5,-0.901477832512315,7.77449771005578e-07
Gnb2l1,Rps5,0.895191802597258,1.21329782731827e-06
H1foo,Rps5,-0.833948970336949,3.17779134815233e-05
Hdgf,Rps5,0.714989873138239,0.00125555486339923
Hnrnpab,Rps5,0.371236033666501,0.142352124600284
Hprt,Rps5,0.721574674709391,0.00107631779309569
Hsp90ab1,Rps5,0.872079380485099,5.04488527752756e-06
Isyna1,Rps5,0.946528960010615,9.07714237108337e-09
Khdc1b,Rps5,-0.79778869486609,0.000124512655741649
LOC624853,Rps5,0.943420147859056,1.37424067681025e-08
Mphosph6,Rps5,-0.837840366804603,2.69199311717649e-05
Obox2,Rps5,-0.78624315946473,0.000182130347921916
Obox6,Rps5,0.448828947858681,0.0707352610062681
Oog3,Rps5,-0.818184287817985,5.97635220573878e-05
Pcbp1,Rps5,0.599016443295124,0.0110548667378132
Prps1,Rps5,0.523664073979899,0.0309727865684295
Psat1,Rps5,0.754764651229244,0.000462034159402602
Pttg1ip,Rps5,0.680591734911657,0.00263793265228385
Rpl4,Rps5,0.859953455664548,9.59123010768614e-06
Rpl8,Rps5,0.936615561962727,3.15706274456318e-08
Rplp1,Rps5,0.775662043852855,0.000253106845405693
Rps15,Rps5,0.956363027127609,2.03452366065449e-09
Alppl2,Tcl1,-0.658462660576378,0.0040524557749535
Bcl2l10,Tcl1,0.907521578298397,4.92379995886694e-07
Btg4,Tcl1,0.857321167323927,1.09408544473055e-05
Calcoco2,Tcl1,-0.816230037485728,6.43624179210711e-05
Cnbp,Tcl1,-0.506158019302679,0.0381604465097216
Ctsl,Tcl1,-0.611453665653966,0.00910508645954389
Dppa3,Tcl1,-0.637235986657977,0.0059343817400932
Eif5a,Tcl1,-0.771220045784939,0.000289122863274205
Fbxo15,Tcl1,-0.832926533217205,3.31707064598064e-05
Gcsh,Tcl1,-0.534812177917678,0.0269698053019463
Gdf9,Tcl1,0.856438856342825,1.14278686029756e-05
Gnb2l1,Tcl1,-0.710672559659525,0.00138590017942364
H1foo,Tcl1,0.915078482501938,2.65700633050869e-07
Hdgf,Tcl1,-0.864171259566968,7.72381083713469e-06
Hnrnpab,Tcl1,-0.644528395520427,0.0052218428905868
Hprt,Tcl1,-0.797050382246635,0.000127668423834049
Hsp90ab1,Tcl1,-0.768001308784411,0.000317813377191278
Isyna1,Tcl1,-0.771220045784939,0.000289122863274205
Khdc1b,Tcl1,0.655598539718297,0.00427355003215268
LOC624853,Tcl1,-0.835693731834319,2.95153213636379e-05
Mphosph6,Tcl1,0.773205863823077,0.00027252625640628
Obox2,Tcl1,0.936697723741152,3.12725543238912e-08
Obox6,Tcl1,-0.711289462923118,0.00136662107348995
Oog3,Tcl1,0.781810698555607,0.000209502108128312
Pcbp1,Tcl1,-0.824616789880697,4.65310347119718e-05
Prps1,Tcl1,-0.661748619828225,0.00381031572249602
Psat1,Tcl1,-0.774910093850895,0.000258925012184275
Pttg1ip,Tcl1,-0.775664388032371,0.000253088879847319
Rpl4,Tcl1,-0.854337162729791,1.26626449321598e-05
Rpl8,Tcl1,-0.826355306452792,4.34133064501907e-05
Rplp1,Tcl1,-0.638378315410499,0.00581787141836898
Rps15,Tcl1,-0.741699661257286,0.000654096186618602
Rps5,Tcl1,-0.75415910803138,0.000469754016037882
Alppl2,Tcl1b1,-0.590546458723413,0.0125625312903288
Bcl2l10,Tcl1b1,0.948342352950858,7.04493041681076e-09
Btg4,Tcl1b1,0.900613496932515,8.2794571865108e-07
Calcoco2,Tcl1b1,-0.794604686446565,0.000138606123461837
Cnbp,Tcl1b1,-0.536855441970405,0.0262816329351043
Ctsl,Tcl1b1,-0.582310021725336,0.0141803191260339
Dppa3,Tcl1b1,-0.506402692184701,0.0380519666534198
Eif5a,Tcl1b1,-0.74478527607362,0.000603643552063549
Fbxo15,Tcl1b1,-0.962981309832406,6.04074790189202e-10
Gcsh,Tcl1b1,-0.489244839070422,0.0462463621616336
Gdf9,Tcl1b1,0.83589570494444,2.92624380562323e-05
Gnb2l1,Tcl1b1,-0.806157662293824,9.30812796373637e-05
H1foo,Tcl1b1,0.807857733555106,8.75920937555286e-05
Hdgf,Tcl1b1,-0.90987141565332,4.08794764705789e-07
Hnrnpab,Tcl1b1,-0.501840490797546,0.0401136559302993
Hprt,Tcl1b1,-0.784049079754601,0.000195278500892737
Hsp90ab1,Tcl1b1,-0.859423120803304,9.85111564943963e-06
Isyna1,Tcl1b1,-0.806134969325153,9.31564626163173e-05
Khdc1b,Tcl1b1,0.711656441717791,0.00135525757313193
LOC624853,Tcl1b1,-0.861878615434171,8.6961802054919e-06
Mphosph6,Tcl1b1,0.768853608645056,0.000309994679437153
Obox2,Tcl1b1,0.830165698648649,3.71920703816642e-05
Obox6,Tcl1b1,-0.716311083137413,0.00121774874584579
Oog3,Tcl1b1,0.783568510245918,0.000198261976029235
Pcbp1,Tcl1b1,-0.846531773991255,1.82895058045141e-05
Prps1,Tcl1b1,-0.528834355828221,0.0290632190441966
Psat1,Tcl1b1,-0.669938650306748,0.00325753350951974
Pttg1ip,Tcl1b1,-0.75168622344405,0.000502403246011696
Rpl4,Tcl1b1,-0.90374020665296,6.57563686612406e-07
Rpl8,Tcl1b1,-0.885750054143391,2.25226267880352e-06
Rplp1,Tcl1b1,-0.722699386503068,0.00104792943197474
Rps15,Tcl1b1,-0.87239263803681,4.95765715635699e-06
Rps5,Tcl1b1,-0.82729089621707,4.18098210572815e-05
Tcl1,Tcl1b1,0.815500622576418,6.61536838748589e-05
Alppl2,Trim61,-0.592137592137592,0.0122675688638636
Bcl2l10,Trim61,0.906463083204677,5.34564801757398e-07
Btg4,Trim61,0.949662548487651,5.82411807670269e-09
Calcoco2,Trim61,-0.878528268680492,3.48994873267117e-06
Cnbp,Trim61,-0.353411252986025,0.164057029926934
Ctsl,Trim61,-0.433927555840232,0.081811953759763
Dppa3,Trim61,-0.459621307766965,0.0634301458513806
Eif5a,Trim61,-0.800491249662506,0.000113513863091885
Fbxo15,Trim61,-0.8721567742776,5.02321399209471e-06
Gcsh,Trim61,-0.335178605334541,0.188461264700946
Gdf9,Trim61,0.883149499560368,2.64564053775729e-06
Gnb2l1,Trim61,-0.820199532264724,5.53144521902027e-05
H1foo,Trim61,0.816339066339066,6.40982156301373e-05
Hdgf,Trim61,-0.813497544881517,7.12902968880158e-05
Hnrnpab,Trim61,-0.395948509227237,0.115651864446215
Hprt,Trim61,-0.709024074662726,0.00143851865999078
Hsp90ab1,Trim61,-0.880835380835381,3.04354731617273e-06
Isyna1,Trim61,-0.848373394964405,1.68005302643159e-05
Khdc1b,Trim61,0.78698602919274,0.000177850360238541
LOC624853,Trim61,-0.941031941031941,1.86071473784466e-08
Mphosph6,Trim61,0.791411638685639,0.000154060547830293
Obox2,Trim61,0.853988372907294,1.28781340649198e-05
Obox6,Trim61,-0.607760464223185,0.00965289110888223
Oog3,Trim61,0.850307388541314,1.53488079077668e-05
Pcbp1,Trim61,-0.675061425061425,0.00294628866470004
Prps1,Trim61,-0.487415684227017,0.0471925657049028
Psat1,Trim61,-0.669122286911144,0.00330951588142847
Pttg1ip,Trim61,-0.671166149396968,0.00318062382379614
Rpl4,Trim61,-0.89570619572173,1.17114530739926e-06
Rpl8,Trim61,-0.909649833772725,4.16118423496314e-07
Rplp1,Trim61,-0.605893300166329,0.00993966272977609
Rps15,Trim61,-0.847145647648971,1.77812327439852e-05
Rps5,Trim61,-0.853629182026317,1.31032943528897e-05
Tcl1,Trim61,0.840001431482949,2.45048687492755e-05
Tcl1b1,Trim61,0.903008150501186,6.94490588148966e-07
Alppl2,Ube2c,0.499385749385749,0.0412574602637055
Bcl2l10,Ube2c,-0.749539738861708,0.00053225220842501
Btg4,Ube2c,-0.579496732884514,0.0147690363120101
Calcoco2,Ube2c,0.543558691376338,0.0241188645430082
Cnbp,Ube2c,0.794099719752946,0.000140959680946739
Ctsl,Ube2c,0.874616022607154,4.37463701352669e-06
Dppa3,Ube2c,0.718943165837671,0.00114522581790832
Eif5a,Ube2c,0.475138211072684,0.0539252060852535
Fbxo15,Ube2c,0.799271151498027,0.00011837370144141
Gcsh,Ube2c,0.78474844111353,0.00019100395524374
Gdf9,Ube2c,-0.596556416833953,0.0114770920861826
Gnb2l1,Ube2c,0.424262370668465,0.0896384097301643
H1foo,Ube2c,-0.72972972972973,0.000884138470346851
Hdgf,Ube2c,0.785276664742339,0.000187827615787617
Hnrnpab,Ube2c,0.834254300836922,3.13717036046768e-05
Hprt,Ube2c,0.705954706374143,0.00154087008632375
Hsp90ab1,Ube2c,0.477886977886978,0.0523590758641324
Isyna1,Ube2c,0.515653872481982,0.0341196835274218
Khdc1b,Ube2c,-0.286678998153674,0.264595491192759
LOC624853,Ube2c,0.558968058968059,0.0196700590361858
Mphosph6,Ube2c,-0.473619988422723,0.0548050820005013
Obox2,Ube2c,-0.689571071226866,0.00219367628726008
Obox6,Ube2c,0.929805776065866,6.65206716377043e-08
Oog3,Ube2c,-0.326380613783535,0.201051474792765
Pcbp1,Ube2c,0.858722358722359,1.02036737059663e-05
Prps1,Ube2c,0.583179974830814,0.0140020684693904
Psat1,Ube2c,0.489257305200167,0.0462399629801242
Pttg1ip,Ube2c,0.553374649685617,0.0212037719265465
Rpl4,Ube2c,0.754601795025841,0.000464099901570814
Rpl8,Ube2c,0.592501648484397,0.0122008579331983
Rplp1,Ube2c,0.551258544629548,0.0218076916695709
Rps15,Ube2c,0.602823931877746,0.0104257798926453
Rps5,Ube2c,0.536285768535265,0.0264721192399384
Tcl1,Ube2c,-0.724924312298106,0.000993590343532524
Tcl1b1,Ube2c,-0.752609104360608,0.000490004756401596
Trim61,Ube2c,-0.617936117936118,0.00820371996825942
